Time [s],Time [hh:mm:ss],Distance step [m],KP [km],Grade [‰],Profile [m],Radius [m]
1.00000000,2.00000000,3.00000000,4.00000000,5.00000000,6.00000000,7.00000000
1.00000000,10.00000000,3.00000000,4.00000000,5.00000000,6.00000000,7.00000000
