KP [km],Distance step [m],Time [s],Speed [km/h],Acceleration [m/s²],Equivalent grade [‰],Radius [m],Speed restriction [km/h],Tractive Effort [kN],Braking Effort [kN],Resistance [kN]
0.00000000,4.00000000,8.00000000,12.00000000,16.00000000,20.00000000,24.00000000,28.00000000,32.00000000,36.00000000,40.00000000
0.00000000,8.00000000,16.00000000,24.00000000,32.00000000,40.00000000,48.00000000,56.00000000,64.00000000,72.00000000,80.00000000
